RK,ID,NAME,TEAM,POS,GAMES,PASSING YDS,PASSING TD,PASSING INT,RUSHING YDS,RUSHING TD,RECEIVING RECEPTIONS,RECEIVING YARDS,RECEIVING TDS,D - SACKS,D - INTERCEPTIONS,D - FF,D - FR,PTS/GAME,TOTAL POINTS
1,19801, Josh Allen,BUF,QB,16,4544,37,10,421,8,1,12,1,0,0,0,0,24.8,396.06
2,2593, Aaron Rodgers,GB,QB,16,4299,48,5,149,3,1,-6,0,0,0,0,0,24,383.26
3,20889, Kyler Murray,ARI,QB,16,3971,26,12,819,11,0,0,0,0,0,0,0,23.7,378.74
4,18878, Alvin Kamara,NO,RB,15,0,0,0,932,16,83,756,5,0,0,0,0,25.2,377.8
5,18890, Patrick Mahomes,KC,QB,15,4740,38,6,308,2,0,0,0,0,0,0,0,25,374.4
6,18857, Deshaun Watson,HOU,QB,16,4823,33,7,444,3,0,0,0,0,0,0,0,23.1,369.32
7,14536, Russell Wilson,SEA,QB,16,4212,40,13,513,2,0,0,0,0,0,0,0,22.5,359.78
8,16470, Davante Adams,GB,WR,14,0,0,0,0,0,115,1374,18,0,0,0,0,25.6,358.4
9,13799, Ryan Tannehill,TEN,QB,16,3819,33,7,266,7,1,0,0,0,0,0,0,21.5,344.36
10,4314, Tom Brady,TB,QB,16,4633,40,12,6,3,0,0,0,0,0,0,0,21.1,337.92
11,18872, Dalvin Cook,MIN,RB,14,0,0,0,1557,16,44,361,1,0,0,0,0,24.1,337.8
12,17959, Derrick Henry,TEN,RB,16,0,0,0,2027,17,19,114,0,0,0,0,0,20.8,333.1
13,21681, Justin Herbert,LAC,QB,15,4336,31,10,234,5,0,0,0,0,0,0,0,22.2,332.84
14,19781, Lamar Jackson,BAL,QB,15,2757,26,9,1005,7,0,0,0,0,0,0,0,22.2,332.78
15,18082, Tyreek Hill,KC,WR,15,0,0,0,123,2,87,1276,15,0,0,1,0,21.9,328.9
16,16906, Stefon Diggs,BUF,WR,16,0,0,0,1,0,127,1535,8,0,0,0,0,20.5,328.6
17,15048, Travis Kelce,KC,TE,15,4,0,0,0,0,105,1416,11,0,0,0,0,20.9,312.76
18,14252, Kirk Cousins,MIN,QB,16,4265,35,13,156,1,0,0,0,0,0,0,0,19.1,306.2
19,14986, DeAndre Hopkins,ARI,WR,16,0,0,0,1,0,115,1407,6,0,0,0,0,18,287.8
20,19802, Calvin Ridley,ATL,WR,15,0,0,0,1,0,90,1374,9,0,0,0,0,18.8,281.5
21,732, Matt Ryan,ATL,QB,16,4581,26,11,92,2,0,0,0,0,0,0,0,17.5,280.44
22,16964, Darren Waller,LV,TE,16,0,0,0,0,0,107,1196,9,0,0,0,0,17.4,278.6
23,21685, Justin Jefferson,MIN,WR,16,0,0,0,2,0,88,1400,7,0,0,0,0,17.1,274.2
24,16311, Derek Carr,LV,QB,16,4103,27,9,140,3,0,0,0,0,0,0,0,17,272.12
25,20875, DK Metcalf,SEA,WR,16,0,0,0,0,0,83,1303,10,0,0,0,0,17,271.3
26,3807, Ben Roethlisberger,PIT,QB,15,3803,33,10,11,0,0,0,0,0,0,0,0,17.8,267.22
27,16830, Tyler Lockett,SEA,WR,16,0,0,0,0,0,100,1054,10,0,0,0,0,16.6,265.4
28,20882, David Montgomery,CHI,RB,15,0,0,0,1070,8,54,438,2,0,0,0,0,17.7,264.8
29,16263, Allen Robinson II,CHI,WR,16,0,0,0,-1,0,102,1250,6,0,0,0,0,16.4,262.9
30,13320, Cam Newton,NE,QB,15,2657,8,10,592,12,2,35,1,0,0,0,0,17.4,260.98
31,9038, Matthew Stafford,DET,QB,16,4084,26,10,112,0,0,0,0,0,0,0,0,16.3,260.56
32,19045, Aaron Jones,GB,RB,14,0,0,0,1104,9,47,355,2,0,0,0,0,18.5,258.9
33,15534, Adam Thielen,MIN,WR,15,0,0,0,15,0,74,925,14,0,0,0,0,16.9,254
34,21682, Jonathan Taylor,IND,RB,15,0,0,0,1169,11,36,299,1,0,0,0,0,16.9,252.8
35,21970, James Robinson,JAX,RB,14,0,0,0,1070,7,49,344,3,0,0,0,0,17.9,250.4
36,19790, Baker Mayfield,CLE,QB,16,3563,26,8,165,1,1,6,0,0,0,0,0,15.5,248.62
37,16597, Mike Evans,TB,WR,16,0,0,0,0,0,70,1006,13,0,0,0,0,15.5,248.6
38,14871, Robert Woods,LAR,WR,16,0,0,0,155,2,90,936,6,0,0,0,0,15.3,245.1
38,15076, Keenan Allen,LAC,WR,14,0,0,0,-1,0,100,992,8,0,0,0,0,17.5,245.1
40,21042, A.J. Brown,TEN,WR,14,0,0,0,0,0,70,1075,11,0,0,0,0,17.2,241.5
41,16497, Teddy Bridgewater,CAR,QB,15,3733,15,11,279,5,0,0,0,0,0,0,0,16.1,241.22
42,17922, Jared Goff,LAR,QB,15,3952,20,13,99,4,0,0,0,0,0,0,0,16,239.98
43,8244, Philip Rivers,IND,QB,16,4169,24,11,-8,0,0,0,0,0,0,0,0,15,239.96
44,16765, Amari Cooper,DAL,WR,16,0,0,0,14,0,92,1114,5,0,0,0,0,14.8,236.8
45,18883, JuJu Smith-Schuster,PIT,WR,16,0,0,0,0,0,97,831,9,0,0,0,1,14.6,234.1
46,16568, Brandin Cooks,HOU,WR,15,0,0,0,0,0,81,1150,6,0,0,0,0,15.5,232
47,20824, Josh Jacobs,LV,RB,15,0,0,0,1065,12,33,238,0,0,0,0,0,15.4,231.3
48,13870, Marvin Jones Jr.,DET,WR,16,0,0,0,0,0,76,978,9,0,0,0,0,14.2,227.8
49,18187, Robby Anderson,CAR,WR,16,0,0,0,15,0,95,1096,3,0,0,0,0,14,224.1
50,20873, Terry McLaurin,WAS,WR,15,0,0,0,30,0,87,1118,4,0,0,0,0,14.9,223.8
51,17923, Ezekiel Elliott,DAL,RB,15,0,0,0,979,6,52,338,2,0,0,0,0,14.9,223.7
52,21077, Diontae Johnson,PIT,WR,15,0,0,0,15,0,88,923,7,0,0,0,0,14.8,221.8
53,18944, Kareem Hunt,CLE,RB,16,0,0,0,841,6,38,304,5,0,0,0,0,13.7,218.5
54,21752, Chase Claypool,PIT,WR,16,0,0,0,16,2,62,873,9,0,0,0,0,13.4,214.9
55,18928, Curtis Samuel,CAR,WR,15,0,0,0,200,2,77,851,3,0,0,0,0,14.1,212.1
56,21679, CeeDee Lamb,DAL,WR,16,0,0,0,82,1,74,935,5,0,0,0,0,13.2,211.7
57,19844, DJ Moore,CAR,WR,15,0,0,0,22,0,66,1193,4,0,0,1,0,14.1,211.5
58,7242, Drew Brees,NO,QB,12,2942,24,6,-2,2,0,0,0,0,0,0,0,17.5,209.48
59,18882, Cooper Kupp,LAR,WR,15,0,0,0,33,0,92,974,3,0,0,0,0,13.9,208.7
60,19798, Nick Chubb,CLE,RB,12,0,0,0,1067,12,16,150,0,0,0,0,0,17.3,207.7
61,14141, Cole Beasley,BUF,WR,15,20,1,0,0,0,82,967,4,0,0,0,0,13.8,207.5
62,16887, Mike Davis,CAR,RB,15,0,0,0,642,6,59,373,2,0,0,0,0,13.8,206.5
63,21861, Antonio Gibson,WAS,RB,14,0,0,0,795,11,36,247,0,0,0,0,0,14.4,202.2
64,17920, Carson Wentz,PHI,QB,12,2620,16,15,276,5,0,0,0,0,0,0,0,16.5,198.4
64,16776, Melvin Gordon III,DEN,RB,15,0,0,0,986,9,32,158,1,0,0,0,0,13.2,198.4
66,21690, Tee Higgins,CIN,WR,16,0,0,0,28,0,67,908,6,0,0,0,0,12.2,194.6
67,19912, Nyheim Hines,IND,RB,16,0,0,0,380,3,63,482,4,0,0,0,0,12.1,193.2
68,17986, Tyler Boyd,CIN,WR,15,16,0,0,49,0,79,841,4,0,0,0,0,12.8,192.64
69,18003, Kenyan Drake,ARI,RB,15,0,0,0,955,10,25,137,0,0,0,0,0,12.8,192.2
70,18879, Corey Davis,TEN,WR,14,0,0,0,0,0,65,984,5,0,0,0,0,13.7,191.4
70,18464, J.D. McKissic,WAS,RB,16,0,0,0,365,1,80,589,2,0,0,0,0,12,191.4
72,18880, Chris Godwin,TB,WR,12,0,0,0,0,0,65,840,7,0,0,0,0,15.9,191
73,20981, Devin White,TB,ILB,15,0,0,0,0,0,0,0,0,9,0,2,1,12.7,189.9
74,21684, D'Andre Swift,DET,RB,13,0,0,0,521,8,46,357,2,0,0,0,0,14.6,189.8
75,17916, William Fuller V SUS,HOU,WR,11,0,0,0,0,0,53,879,8,0,0,0,0,17.2,188.9
76,16020, Jarvis Landry,CLE,WR,15,74,1,0,10,1,72,840,3,0,0,0,0,12.5,187.96
77,19119, Chris Carson,SEA,RB,12,0,0,0,681,5,37,287,4,0,0,0,0,15.6,187.8
78,19861, Ronald Jones II,TB,RB,14,0,0,0,978,7,28,165,1,0,0,0,0,13.3,186.3
79,16781, Nelson Agholor,LV,WR,16,0,0,0,0,0,48,896,8,0,0,0,0,11.6,185.6
80,21747, Brandon Aiyuk,SF,WR,12,0,0,0,77,2,60,748,5,0,0,0,0,15.4,184.5
81,21045, Marquise Brown,BAL,WR,16,0,0,0,1,0,58,769,8,0,0,0,0,11.4,183
82,20859, Drew Lock,DEN,QB,13,2933,16,15,160,3,0,0,0,0,0,0,0,13.9,181.32
83,20006, Russell Gage,ATL,WR,16,39,1,0,9,0,72,786,4,0,0,0,0,11.3,181.06
84,20841, Daniel Jones,NYG,QB,14,2943,11,10,423,1,0,0,0,0,0,0,0,12.9,180.02
85,16847, David Johnson,HOU,RB,12,0,0,0,691,6,33,314,2,0,0,0,0,15,179.5
86,16656, Logan Thomas,WAS,TE,16,28,0,0,5,0,72,670,6,0,0,0,0,11,176.62
87,19491, Robert Tonyan,GB,TE,16,0,0,0,0,0,52,586,11,0,0,0,0,11,176.6
88,21769, Clyde Edwards-Helaire,KC,RB,13,0,0,0,803,4,36,297,1,0,0,0,0,13.5,176
89,20805, T.J. Hockenson,DET,TE,16,0,0,0,0,0,67,723,6,0,0,0,0,11,175.3
90,21693, Joe Burrow O,CIN,QB,10,2688,13,5,142,3,0,0,0,0,0,0,0,17.4,173.72
91,19867, Michael Gallup,DAL,WR,16,0,0,0,0,0,59,843,5,0,0,0,0,10.8,173.3
92,16866, Jamison Crowder,NYJ,WR,12,43,1,0,14,0,59,699,6,0,0,0,0,14.3,172.02
93,18916, T.J. Watt,PIT,OLB,15,0,0,0,0,0,0,0,0,15,1,1,0,11.4,170.55
94,20933, Miles Sanders,PHI,RB,12,0,0,0,867,6,28,197,0,0,0,0,0,14.2,170.4
95,19803, Mark Andrews,BAL,TE,14,0,0,0,0,0,58,701,7,0,0,0,0,12.2,170.1
96,19827, Roquan Smith,CHI,ILB,16,0,0,0,0,0,0,0,0,4,2,1,0,10.6,169.7
97,21674, J.K. Dobbins,BAL,RB,15,0,0,0,805,9,18,120,0,0,0,0,0,11.2,168.5
98,19919, Chase Edmonds,ARI,RB,16,0,0,0,448,1,53,402,4,0,0,0,0,10.5,168
99,16775, DeVante Parker,MIA,WR,14,0,0,0,0,0,63,793,4,0,0,0,0,11.9,166.3
100,19562, Austin Ekeler,LAC,RB,10,0,0,0,530,1,54,403,2,0,0,0,0,16.5,165.3
101,11063, Emmanuel Sanders,NO,WR,14,0,0,0,12,0,61,726,5,0,0,0,0,11.8,164.8
102,18983, James Conner,PIT,RB,13,0,0,0,721,6,35,215,0,0,0,0,0,12.7,164.6
103,20768, Myles Gaskin,MIA,RB,10,0,0,0,584,3,41,388,2,0,0,0,0,16.4,164.2
103,14005, T.Y. Hilton,IND,WR,15,0,0,0,0,0,56,762,5,0,0,0,0,10.9,164.2
105,16771, Todd Gurley II,ATL,RB,15,0,0,0,678,9,25,164,0,0,0,0,0,10.9,163.2
106,17961, Sterling Shepard,NYG,WR,12,0,0,0,49,1,66,656,3,0,0,0,0,13.5,162.5
107,19207, Tim Patrick,DEN,WR,15,0,0,0,0,0,51,742,6,0,0,0,0,10.7,161.2
108,20880, Gardner Minshew II,JAX,QB,9,2259,16,5,153,1,1,0,0,0,0,0,0,17.9,160.66
109,18052, Blake Martinez,NYG,ILB,16,0,0,0,0,0,0,0,0,3,1,2,1,10,160.3
110,19565, Younghoe Koo,ATL,K,15,0,0,0,0,0,0,0,0,0,0,0,0,10.7,160
110,20033, Jason Sanders,MIA,K,16,0,0,0,0,0,0,0,0,0,0,0,0,10,160
112,17967, Joe Schobert,JAX,ILB,16,0,0,0,0,0,0,0,0,2.5,3,2,0,10,159.7
113,19853, Mike Gesicki,MIA,TE,15,0,0,0,0,0,53,703,6,0,0,0,0,10.6,159.3
114,18956, Zach Cunningham,HOU,OLB,16,0,0,0,0,0,0,0,0,3,0,1,0,9.9,159.1
115,14916, Giovani Bernard,CIN,RB,16,0,0,0,416,3,47,355,3,0,0,0,0,9.9,158.1
116,21692, Jerry Jeudy,DEN,WR,16,0,0,0,0,0,52,856,3,0,0,0,0,9.8,157.6
117,21697, Laviska Shenault Jr.,JAX,WR,14,0,0,0,91,0,58,600,5,0,0,1,0,11.2,157.1
118,17926, Jaylon Smith,DAL,ILB,16,0,0,0,0,0,0,0,0,1.5,1,1,3,9.8,156.65
119,19238, Taysom Hill,NO,QB,16,928,4,2,457,8,8,98,1,0,0,0,0,9.8,156.62
120,8283, Ryan Fitzpatrick,MIA,QB,9,2091,13,8,151,2,1,0,0,0,0,0,0,17.1,153.74
121,18811, Mitchell Trubisky,CHI,QB,10,2055,16,8,195,1,0,0,0,0,0,0,0,15.4,153.7
121,18914, Mike Williams,LAC,WR,15,0,0,0,1,0,48,756,5,0,1,0,0,10.2,153.7
123,19816, DJ Chark Jr.,JAX,WR,13,0,0,0,0,0,53,706,5,0,0,0,0,11.8,153.6
124,21961, Darnell Mooney,CHI,WR,16,0,0,0,20,0,61,631,4,0,0,0,0,9.5,152.1
125,19989, Daniel Carlson,LV,K,16,0,0,0,0,0,0,0,0,0,0,0,0,9.5,152
126,19852, Darius Leonard,IND,OLB,14,0,0,0,0,0,0,0,0,3,0,3,2,10.8,151.6
127,17983, Deion Jones,ATL,ILB,16,0,0,0,0,0,0,0,0,4.5,2,2,1,9.5,151.35
128,14, Indianapolis Colts,IND,DST,16,0,0,0,0,0,0,0,0,40,15,14,11,9.4,151
129,28, Pittsburgh Steelers,PIT,DST,16,0,0,0,0,0,0,0,0,56,18,12,10,9.4,150
130,19514, Keelan Cole,JAX,WR,16,0,0,0,2,0,55,642,5,0,0,0,0,9.3,149.4
131,10974, Rob Gronkowski,TB,TE,16,0,0,0,0,0,45,623,7,0,0,0,0,9.3,149.3
131,20753, Noah Fant,DEN,TE,15,0,0,0,0,0,62,673,3,0,0,0,0,10,149.3
133,19843, Hayden Hurst,ATL,TE,16,0,0,0,0,0,56,571,6,0,0,0,0,9.3,149.1
134,22108, Tyler Bass,BUF,K,16,0,0,0,0,0,0,0,0,0,0,0,0,9.3,149
134,32, Los Angeles Rams,LAR,DST,16,0,0,0,0,0,0,0,0,53,14,11,8,9.3,149
136,14534, Bobby Wagner,SEA,ILB,16,0,0,0,0,0,0,0,0,3,0,0,1,9.2,146.9
137,19920, Dalton Schultz,DAL,TE,16,0,0,0,0,0,63,615,4,0,0,0,0,9.2,146.5
138,19815, Christian Kirk,ARI,WR,14,0,0,0,3,0,48,621,6,0,0,0,0,10.5,146.4
139,13291, Julio Jones,ATL,WR,9,0,0,0,0,0,51,771,3,0,0,0,0,16.2,146.1
140,17975, Hunter Henry,LAC,TE,14,0,0,0,0,0,60,613,4,0,0,0,0,10.4,145.3
141,14375, Lavonte David,TB,ILB,16,0,0,0,0,0,0,0,0,1.5,1,3,2,9.1,145
142,20941, Devin Singletary,BUF,RB,16,0,0,0,687,2,38,269,0,0,0,0,0,9,143.6
142,11488, Jimmy Graham,CHI,TE,16,0,0,0,0,0,50,456,8,0,0,0,0,9,143.6
144,19273, Eric Wilson,MIN,OLB,16,0,0,0,0,0,0,0,0,3,3,1,2,9,143.45
145,18909, Haason Reddick,ARI,OLB,16,0,0,0,0,0,0,0,0,12.5,0,5,0,9,143.35
146,36, Baltimore Ravens,BAL,DST,16,0,0,0,0,0,0,0,0,39,10,25,13,8.9,143
147,20876, Jakobi Meyers,NE,WR,14,43,2,0,9,0,59,729,0,0,0,0,0,10.2,142.52
148,20360, Jeff Wilson Jr. O,SF,RB,11,0,0,0,600,7,13,133,3,0,0,0,0,12.9,142.3
149,16451, Eric Ebron,PIT,TE,15,0,0,0,0,0,56,558,5,0,0,0,0,9.5,141.8
150,14697, Greg Zuerlein,DAL,K,16,0,0,0,0,0,0,0,0,0,0,0,0,8.8,141
150,22112, Rodrigo Blankenship,IND,K,16,0,0,0,0,0,0,0,0,0,0,0,0,8.8,141
150,20943, Darius Slayton,NYG,WR,16,0,0,0,-1,0,50,751,3,0,0,0,0,8.8,141
150,18912, Evan Engram,NYG,TE,16,0,0,0,26,1,63,654,1,0,0,0,0,8.8,141
154,14860, Jordan Poyer,BUF,SS,16,0,0,0,0,0,0,0,0,2,2,2,0,8.8,140.4
155,18990, Jonnu Smith,TEN,TE,15,0,0,0,4,1,41,448,8,0,0,0,0,9.3,140.2
156,19882, Jerome Baker,MIA,LB,16,0,0,0,0,0,0,0,0,7,0,2,0,8.7,139.95
157,19891, Fred Warner,SF,ILB,16,0,0,0,0,0,0,0,0,1,2,1,2,8.7,139.6
158,64, Miami Dolphins,MIA,DST,16,0,0,0,0,0,0,0,0,41,18,17,10,8.7,139
159,20007, Foyesade Oluokun,ATL,ILB,15,0,0,0,0,0,0,0,0,3,2,2,1,9.3,138.9
160,21921, Jeremy Chinn,CAR,S,15,0,0,0,29,0,0,0,0,1,1,2,2,9.2,138.5
161,8750, Ryan Succop,TB,K,16,0,0,0,0,0,0,0,0,0,0,0,0,8.6,138
162,19976, Marquez Valdes-Scantling,GB,WR,16,0,0,0,13,0,33,690,6,0,0,0,0,8.6,137.3
163,17145, Neville Hewitt,NYJ,ILB,16,0,0,0,0,0,0,0,0,2,0,0,1,8.6,136.9
163,21735, Gabriel Davis,BUF,WR,16,0,0,0,0,0,35,599,7,0,0,0,0,8.6,136.9
163,19172, Zach Pascal,IND,WR,16,0,0,0,0,0,44,629,5,0,0,0,0,8.6,136.9
166,12841, Andy Dalton,DAL,QB,11,2169,14,8,114,0,1,-3,0,0,0,0,0,12.4,136.86
167,18927, Budda Baker,ARI,FS,15,0,0,0,0,0,0,0,0,2,2,1,0,9.1,136.8
168,21982, Patrick Queen,BAL,LB,16,0,0,0,0,0,0,0,0,3,1,2,2,8.5,136.7
169,18996, Wayne Gallman Jr.,NYG,RB,15,0,0,0,682,6,21,114,0,0,0,0,0,9.1,136.6
170,15071, Latavius Murray,NO,RB,15,0,0,0,656,4,23,176,1,0,0,0,0,9.1,136.2
171,14688, Justin Tucker,BAL,K,16,0,0,0,0,0,0,0,0,0,0,0,0,8.5,136
172,18055, Dak Prescott,DAL,QB,5,1856,9,4,93,3,1,11,1,0,0,0,0,27.1,135.64
173,13810, Demario Davis,NO,OLB,16,0,0,0,0,0,0,0,0,4,0,0,0,8.5,135.6
174,21677, Tua Tagovailoa,MIA,QB,10,1814,11,5,109,3,0,0,0,0,0,0,0,13.5,135.46
175,16618, Aaron Donald,LAR,DT,16,0,0,0,0,0,0,0,0,13.5,0,4,1,8.5,135.4
176,16883, Za'Darius Smith,GB,OLB,16,0,0,0,0,0,0,0,0,12.5,0,3,2,8.4,134.15
177,19812, Sam Darnold,NYJ,QB,12,2208,9,11,217,2,0,0,0,0,0,0,0,11.2,134.02
178,19705, Greg Ward,PHI,WR,16,15,0,0,-4,0,53,419,6,0,0,0,0,8.3,133.1
179,18803, Leonard Fournette,TB,RB,13,0,0,0,367,6,36,233,0,0,0,0,0,10.2,132
180,20924, Hunter Renfrow,LV,WR,16,0,0,0,0,0,56,656,2,0,0,0,0,8.2,131.6
181,19073, Harrison Butker,KC,K,16,0,0,0,0,0,0,0,0,0,0,0,0,8.2,131
182,17085, Alex Singleton,PHI,OLB,16,0,0,0,0,0,0,0,0,2,1,0,2,8.2,130.8
183,20798, Darrell Henderson Jr.,LAR,RB,15,0,0,0,624,5,16,159,1,0,0,0,0,8.7,130.3
184,16301, Cairo Santos,CHI,K,16,0,0,0,0,0,0,0,0,0,0,0,0,8.1,130
185,18923, Jamal Adams,SEA,SS,12,0,0,0,0,0,0,0,0,9.5,0,1,0,10.8,129.95
185,18917, Marlon Humphrey,BAL,CB,15,0,0,0,0,0,0,0,0,2.5,1,8,0,8.7,129.95
187,19318, Kendrick Bourne,SF,WR,15,0,0,0,0,0,49,667,2,0,0,0,0,8.6,129.7
188,18807, Myles Garrett,CLE,DE,14,0,0,0,0,0,0,0,0,12,0,4,2,9.2,129.3
189,20239, Gus Edwards,BAL,RB,16,0,0,0,723,6,9,129,0,0,0,1,0,8,128.2
189,18032, Tyler Higbee,LAR,TE,15,0,0,0,1,0,44,521,5,0,0,0,0,8.5,128.2
191,14996, Brandon McManus,DEN,K,15,0,0,0,0,0,0,0,0,0,0,0,0,8.5,128
191,18478, Wil Lutz,NO,K,16,0,0,0,0,0,0,0,0,0,0,0,0,8,128
193,17081, Tyrell Adams,HOU,OLB,16,0,0,0,0,0,0,0,0,2,0,2,1,8,127.5
194,8534, Jared Cook,NO,TE,15,0,0,0,0,0,37,504,7,0,0,0,0,8.5,127.4
195,18995, Jamaal Williams,GB,RB,14,0,0,0,505,2,31,236,1,0,0,0,0,9.1,127.1
196,97, Washington Football Team,WAS,DST,16,0,0,0,0,0,0,0,0,47,16,14,7,7.9,127
197,9196, Malcolm Jenkins,NO,SS,16,0,0,0,0,0,0,0,0,2.5,3,1,1,7.9,126.5
198,16510, Jerick McKinnon,SF,RB,16,0,0,0,319,5,33,253,1,0,0,0,0,7.9,126.2
199,18215, Ka'imi Fairbairn,HOU,K,16,0,0,0,0,0,0,0,0,0,0,0,0,7.9,126
200,17933, DeForest Buckner,IND,DT,15,0,0,0,0,0,0,0,0,9.5,0,2,1,8.4,125.8
201,16767, Leonard Williams,NYG,DE,16,0,0,0,0,0,0,0,0,11.5,0,0,1,7.9,125.65
202,12247, Jason Pierre-Paul,TB,OLB,16,0,0,0,0,0,0,0,0,9.5,2,4,2,7.8,125.2
203,19063, George Kittle,SF,TE,8,0,0,0,17,0,48,634,2,0,0,0,0,15.6,125.1
204,17215, Jason Myers,SEA,K,16,0,0,0,0,0,0,0,0,0,0,0,0,7.8,125
205,4807, Adrian Peterson,DET,RB,16,0,0,0,604,7,12,101,0,0,0,0,0,7.8,124.5
206,19017, Josh Reynolds,LAR,WR,16,0,0,0,5,0,52,618,2,0,0,0,0,7.8,124.3
207,17925, Myles Jack,JAX,OLB,14,0,0,0,0,0,0,0,0,1,1,1,2,8.9,124.1
208,10333, Graham Gano,NYG,K,16,0,0,0,0,0,0,0,0,0,0,0,0,7.8,124
209,19873, Jessie Bates III,CIN,FS,16,0,0,0,0,0,0,0,0,0,3,1,0,7.7,123.5
210,19287, Kenny Moore II,IND,CB,16,0,0,0,0,0,0,0,0,2,4,2,0,7.6,122.1
210,20788, Mecole Hardman,KC,WR,16,0,0,0,31,0,41,560,4,0,0,0,0,7.6,122.1
212,21519, Joey Slye,CAR,K,16,0,0,0,0,0,0,0,0,0,0,0,0,7.6,122
212,69, New Orleans Saints,NO,DST,16,0,0,0,0,0,0,0,0,45,18,7,8,7.6,122
214,18089, Rashard Higgins,CLE,WR,13,0,0,0,0,0,37,599,4,0,0,0,0,9.3,120.9
215,20912, Tony Pollard,DAL,RB,16,0,0,0,435,4,28,192,1,0,0,0,0,7.5,120.7
216,16035, Malcolm Butler,TEN,CB,16,0,0,0,0,0,0,0,0,0,4,0,0,7.5,120
217,21052, Brian Burns,CAR,OLB,15,0,0,0,0,0,0,0,0,9,0,3,0,7.9,118.8
217,19120, David Moore,SEA,WR,16,0,0,0,61,0,35,417,6,0,0,0,0,7.4,118.8
219,17991, Vonn Bell,CIN,SS,16,0,0,0,0,0,0,0,0,0,0,3,2,7.4,118.5
220,20956, Montez Sweat,WAS,DE,16,0,0,0,0,0,0,0,0,9,1,2,0,7.4,118.2
221,20715, Alexander Johnson,DEN,ILB,16,0,0,0,0,0,0,0,0,1,0,2,0,7.4,118
221,37, Buffalo Bills,BUF,DST,16,0,0,0,0,0,0,0,0,38,15,15,11,7.4,118
223,16845, Jordan Hicks,ARI,ILB,16,0,0,0,0,0,0,0,0,0,1,0,0,7.3,117.5
224,11056, Antonio Brown,TB,WR,8,0,0,0,-2,0,45,483,4,0,0,0,0,14.6,117.1
225,95, Tampa Bay Buccaneers,TB,DST,16,0,0,0,0,0,0,0,0,48,15,15,10,7.3,117
226,16056, James White,NE,RB,14,0,0,0,121,2,49,375,1,0,0,0,0,8.3,116.6
227,18023, Justin Simmons,DEN,FS,16,0,0,0,0,0,0,0,0,0,5,0,1,7.3,116.5
228,19863, Dallas Goedert,PHI,TE,11,0,0,0,0,0,46,524,3,0,0,0,0,10.6,116.4
229,19330, Nick Mullens,SF,QB,10,2437,12,12,8,0,0,0,0,0,0,0,0,11.6,116.28
230,16323, Khalil Mack,CHI,OLB,16,0,0,0,0,0,0,0,0,9,1,3,2,7.2,115.9
230,20762, Travis Fulgham,PHI,WR,13,0,0,0,0,0,38,539,4,0,0,0,0,8.9,115.9
232,14888, Logan Ryan,NYG,CB,16,0,0,0,0,0,0,0,0,1,1,3,2,7.2,115.7
233,19836, Tremaine Edmunds,BUF,ILB,15,0,0,0,0,0,0,0,0,2,0,0,0,7.7,115.6
234,15113, Jon Bostic,WAS,ILB,16,0,0,0,0,0,0,0,0,3,1,0,0,7.2,115.4
235,12955, J.J. Watt,HOU,DE,16,0,0,0,0,0,0,0,0,5,1,2,1,7.2,115.1
236,1694, Mason Crosby,GB,K,16,0,0,0,0,0,0,0,0,0,0,0,0,7.2,115
236,14867, Dustin Hopkins,WAS,K,16,0,0,0,0,0,0,0,0,0,0,0,0,7.2,115
238,17141, Damiere Byrd,NE,WR,16,0,0,0,15,0,47,604,1,0,0,0,0,7.2,114.9
239,13484, K.J. Wright,SEA,OLB,16,0,0,0,0,0,0,0,0,2,1,1,2,7.2,114.8
240,22092, Chase Young,WAS,DE,15,0,0,0,0,0,0,0,0,7.5,0,4,3,7.6,114.45
241,16159, Stephon Tuitt,PIT,DE,15,0,0,0,0,0,0,0,0,11,0,2,0,7.6,114.35
242,2982, Stephen Gostkowski,TEN,K,15,0,0,0,0,0,0,0,0,0,0,0,0,7.6,114
242,17294, Troy Hill,LAR,CB,16,0,0,0,0,0,0,0,0,0,3,1,2,7.1,114
244,16724, Adrian Phillips,NE,SS,16,0,0,0,0,0,0,0,0,1,2,0,0,7.1,113.9
245,19070, Chuck Clark,BAL,SS,16,0,0,0,0,0,0,0,0,1.5,1,2,2,7.1,113.6
246,17963, Austin Hooper,CLE,TE,13,0,0,0,0,0,46,435,4,0,0,0,0,8.7,113.5
247,17942, Keanu Neal,ATL,LB,15,0,0,0,0,0,0,0,0,1,1,1,1,7.6,113.4
248,549, Matt Prater,DET,K,16,0,0,0,0,0,0,0,0,0,0,0,0,7.1,113
249,16467, Kyle Van Noy,MIA,LB,14,0,0,0,0,0,0,0,0,6,0,2,2,8,112.7
250,19928, Taron Johnson,BUF,CB,16,0,0,0,0,0,0,0,0,1,1,1,0,7,112.6
251,16786, Shaq Thompson,CAR,ILB,16,0,0,0,0,0,0,0,0,0,0,2,1,7,112.5
251,18902, Jabrill Peppers,NYG,SS,15,0,0,0,0,0,0,0,0,2.5,1,1,1,7.5,112.5
253,11694, Nick Folk,NE,K,16,0,0,0,0,0,0,0,0,0,0,0,0,7,112
253,20144, Michael Badgley,LAC,K,16,0,0,0,0,0,0,0,0,0,0,0,0,7,112
255,18268, Romeo Okwara,DET,DE,16,0,0,0,0,0,0,0,0,10,0,2,1,7,111.9
255,19310, Nicholas Morrow,LV,OLB,14,0,0,0,0,0,0,0,0,3,1,1,1,8,111.9
257,14885, Jamie Collins Sr.,DET,LB,14,0,0,0,0,0,0,0,0,1,1,3,1,8,111.6
258,12845, A.J. Green,CIN,WR,16,0,0,0,0,0,47,523,2,0,0,0,0,7,111.3
259,16271, Shaquil Barrett,TB,OLB,15,0,0,0,0,0,0,0,0,8,0,2,0,7.4,111.1
260,17994, Kevin Byard,TEN,FS,16,0,0,0,0,0,0,0,0,0,1,1,0,6.9,111
260,21940, Antoine Winfield Jr.,TB,S,16,0,0,0,0,0,0,0,0,3,1,2,1,6.9,111
262,18939, Marcus Maye,NYJ,FS,16,0,0,0,0,0,0,0,0,2,2,2,2,6.9,110.6
263,19933, Josey Jewell,DEN,ILB,16,0,0,0,0,0,0,0,0,2,0,0,0,6.9,110.1
263,21923, Kamren Curl,WAS,S,16,0,0,0,0,0,0,0,0,2,3,0,0,6.9,110.1
265,55, Kansas City Chiefs,KC,DST,16,0,0,0,0,0,0,0,0,32,16,12,7,6.9,110
266,21831, Jalen Hurts,PHI,QB,15,1061,6,4,357,3,1,3,0,0,0,0,0,7.3,109.44
267,17053, Malcolm Brown,LAR,RB,16,0,0,0,419,5,23,162,0,0,0,0,0,6.8,109.1
268,17935, Leonard Floyd,LAR,OLB,16,0,0,0,0,0,0,0,0,10.5,0,0,2,6.8,108.7
268,19864, Anthony Miller,CHI,WR,16,0,0,0,12,0,49,485,2,0,0,0,0,6.8,108.7
270,16806, Eric Kendricks,MIN,ILB,11,0,0,0,0,0,0,0,0,0,3,0,0,9.9,108.5
270,16303, Daniel Sorensen,KC,FS,15,0,0,0,0,0,0,0,0,0,3,1,0,7.2,108.5
270,20991, Khari Willis,IND,SS,14,0,0,0,0,0,0,0,0,2,2,1,0,7.8,108.5
273,16902, Adrian Amos,GB,FS,16,0,0,0,0,0,0,0,0,2,2,1,1,6.7,107.7
274,14917, Rex Burkhead,NE,RB,10,0,0,0,274,3,25,192,3,0,0,0,0,10.8,107.6
274,18047, Demarcus Robinson,KC,WR,16,0,0,0,0,0,45,466,3,0,0,0,0,6.7,107.6
276,15186, A.J. Klein,BUF,OLB,16,0,0,0,0,0,0,0,0,5,0,2,1,6.7,107.3
277,1, Arizona Cardinals,ARI,DST,16,0,0,0,0,0,0,0,0,48,11,14,10,6.7,107
278,19862, Harold Landry III,TEN,OLB,16,0,0,0,0,0,0,0,0,5.5,1,0,0,6.7,106.85
279,17958, Emmanuel Ogbah,MIA,DE,16,0,0,0,0,0,0,0,0,9,0,3,0,6.7,106.55
280,14461, Harrison Smith,MIN,SS,16,0,0,0,0,0,0,0,0,0.5,5,0,0,6.7,106.5
281,9906, Danny Amendola,DET,WR,14,0,0,0,2,0,46,602,0,0,0,0,0,7.6,106.4
282,14057, Danny Trevathan,CHI,ILB,16,0,0,0,0,0,0,0,0,1,0,1,0,6.6,106.3
282,16182, Avery Williamson,PIT,ILB,15,0,0,0,0,0,0,0,0,1,1,0,0,7.1,106.3
284,16366, DeMarcus Lawrence,DAL,DE,16,0,0,0,0,0,0,0,0,6.5,0,4,1,6.6,106.15
285,19829, Minkah Fitzpatrick,PIT,FS,16,0,0,0,0,0,0,0,0,0,4,1,1,6.6,105.5
286,18037, De'Vondre Campbell,ARI,OLB,16,0,0,0,0,0,0,0,0,2,0,1,0,6.5,104.5
287,13723, Nick Foles,CHI,QB,9,1852,10,8,1,1,0,0,0,0,0,0,0,11.6,104.18
288,21, New England Patriots,NE,DST,16,0,0,0,0,0,0,0,0,24,18,5,4,6.5,104
289,19897, Tre'Quan Smith,NO,WR,14,0,0,0,3,0,34,448,4,0,0,0,0,7.4,103.1
290,26, Philadelphia Eagles,PHI,DST,16,0,0,0,0,0,0,0,0,49,8,15,13,6.4,103
290,75, New York Giants,NYG,DST,16,0,0,0,0,0,0,0,0,40,11,11,11,6.4,103
290,90, Seattle Seahawks,SEA,DST,16,0,0,0,0,0,0,0,0,46,14,14,9,6.4,103
293,11315, Brandon Graham,PHI,DE,16,0,0,0,0,0,0,0,0,8,0,2,1,6.4,102.6
294,21138, Scotty Miller,TB,WR,16,0,0,0,14,0,33,501,3,0,0,0,0,6.4,102.5
295,18979, John Johnson III,LAR,SS,16,0,0,0,0,0,0,0,0,0,1,0,0,6.4,102
295,16808, Eric Rowe,MIA,SS,16,0,0,0,0,0,0,0,0,0,2,0,1,6.4,102
297,21688, Cam Akers,LAR,RB,13,0,0,0,625,2,11,123,1,0,0,0,0,7.8,101.8
298,16552, Tre Boston,CAR,FS,16,0,0,0,0,0,0,0,0,1,1,1,2,6.4,101.7
299,21784, Zack Moss,BUF,RB,13,0,0,0,481,4,14,95,1,0,0,0,0,7.8,101.6
300,21107, Darnell Savage,GB,SS,15,0,0,0,0,0,0,0,0,1,4,0,1,6.8,101.5
